url,delay,waitFor,viewportHeight,comment
/,,div.inscription-card,
/?page=2,,div.inscription-card,
/?page=1&q=isic000021,,div.inscription-card,
/?limit=20&mode=isic-numbers&page=1&q=62+63+662+2104&view=cards,,div.inscription-card,
/?limit=20&mode=isic-numbers&page=1&q=62+63+662+2104&view=table,,div.inscription-card,
/?limit=20&mode=isic-numbers&page=1&q=62+63+662+2104&view=text,,div.inscription-card,
/about,,,
/bibliography,,,
/museum,,,
/how-to-cite,,,
/technical-overview,,,
/inscription/ISic000001,,,3000
/inscription/ISic000004,,,3000
/inscription/ISic000039,,,3000
/inscription/ISic002104,,,3000
/inscription/ISic000062,,,3000
/inscription/ISic000063,,,3000
/inscription/ISic000078,,,,"apparatus criticus empty, object type empty"
/inscription/ISic000778,,,3000
/inscription/ISic003441,,,3000,Handnote para w/ links w/o variants
/inscription/ISic003574,,,3000,Handnote para w/ links w/o variants
/inscription/ISic000833,,,3000,Handnote para w/ links + variants
/inscription/ISic000613,,,3000,Handnote w/o para      + variants
/inscription/ISic001833,,,3000,Handnote w/ render issue; no types listed
/inscription/ISic000612,,,5000,Handnote 
/inscription/ISic000003,,,3000,Handnote para w/o links
/inscription/ISic003409,,,5000,Deprecated record w/ 1 replacement
/inscription/ISic003446,,,5000,Deprecated record w/ 0 replacement
/inscription/ISic000590,,,5000,deprecated
/inscription/ISic001405,,,5000,Deprecated record w/ 3 replacements
/inscription/ISic002729,,,6000,Bib ref without link (SEG)

