url,delay,waitFor,unused
/,,,
/about/
/projects/,,,
/projects/unhousing-restitution-unrest-african-moving-image-heritage-between-displacement-and-return/,,,
/projects/slavery-in-war/,,,
/projects/encyclopedia-britannica-exploratory-prototypes/,,,
/projects/research-themes/,,,
/projects/research-themes/data-visualisation/,,,
/blog/,,,
/blog/transforming-digital-legacy-estates/
/blog/role-and-responsibilities-rsa/,,,
/contact-us/
/search/
/about/team/
/about/people/neil-jakeman/
/accessibility-statement/
/about/partners-and-funders/
/about/partners-and-funders/university-of-brighton/
/about/partners-and-funders/the-british-library/